panel_id,utility_id_eia,utility_name_eia,display_name,state,ownership_2024,eia_entity_type,residential_customers_2024,ultimate_parent_or_owner_2024,parent_country_or_level,ownership_history_note,ownership_source_url,selection_rule,pudl_source_url
DOM_NY_CECONY,4226,Consolidated Edison Co-NY Inc,Con Edison (CECONY),NY,DOM,Investor Owned,3064038,Consolidated Edison Inc.,United States,DOM throughout the proposed panel,https://investor.conedison.com/static-files/0b4e12b3-f43b-4398-a04b-3699537cabb5,"At least 10,000 residential customers in the 2024 regional EIA/PUDL roster",https://s3.us-west-2.amazonaws.com/pudl.catalyst.coop/stable/core_eia861__yearly_sales.parquet
MTC_NY_NIMO,13573,Niagara Mohawk Power Corp.,Niagara Mohawk (National Grid),NY,MTC,Investor Owned,1532294,National Grid plc,United Kingdom,MTC throughout the proposed panel,https://www.nationalgrid.com/document/152396/download,"At least 10,000 residential customers in the 2024 regional EIA/PUDL roster",https://s3.us-west-2.amazonaws.com/pudl.catalyst.coop/stable/core_eia861__yearly_sales.parquet
DOM_MA_NSTAR,54913,NSTAR Electric Company,NSTAR Electric (Eversource Massachusetts),MA,DOM,Investor Owned,1303076,Eversource Energy,United States,DOM throughout the proposed panel,https://investors.eversource.com/static-files/1526fda9-4ffa-4cfd-bbd7-c9c18f56d3fe,"At least 10,000 residential customers in the 2024 regional EIA/PUDL roster",https://s3.us-west-2.amazonaws.com/pudl.catalyst.coop/stable/core_eia861__yearly_sales.parquet
MTC_MA_MECO,11804,Massachusetts Electric Co,Massachusetts Electric (National Grid),MA,MTC,Investor Owned,1210113,National Grid plc,United Kingdom,MTC throughout the proposed panel,https://www.nationalgrid.com/document/152381/download,"At least 10,000 residential customers in the 2024 regional EIA/PUDL roster",https://s3.us-west-2.amazonaws.com/pudl.catalyst.coop/stable/core_eia861__yearly_sales.parquet
DOM_CT_CLP,4176,Connecticut Light & Power Co,Connecticut Light & Power (Eversource Connecticut),CT,DOM,Investor Owned,1174420,Eversource Energy,United States,DOM throughout the proposed panel,https://investors.eversource.com/static-files/1526fda9-4ffa-4cfd-bbd7-c9c18f56d3fe,"At least 10,000 residential customers in the 2024 regional EIA/PUDL roster",https://s3.us-west-2.amazonaws.com/pudl.catalyst.coop/stable/core_eia861__yearly_sales.parquet
MTC_NY_NYSEG,13511,New York State Elec & Gas Corp,NYSEG,NY,MTC,Investor Owned,792300,Avangrid / Iberdrola S.A.,Spain,MTC throughout the proposed panel,https://www.avangrid.com/aboutus/companyprofile,"At least 10,000 residential customers in the 2024 regional EIA/PUDL roster",https://s3.us-west-2.amazonaws.com/pudl.catalyst.coop/stable/core_eia861__yearly_sales.parquet
MTC_ME_CMP,3266,Central Maine Power Co,Central Maine Power,ME,MTC,Investor Owned,577955,Avangrid / Iberdrola S.A.,Spain,MTC throughout the proposed panel,https://www.avangrid.com/aboutus/companyprofile,"At least 10,000 residential customers in the 2024 regional EIA/PUDL roster",https://s3.us-west-2.amazonaws.com/pudl.catalyst.coop/stable/core_eia861__yearly_sales.parquet
DOM_NH_PSNH,15472,Public Service Co of NH,Public Service Company of New Hampshire,NH,DOM,Investor Owned,459907,Eversource Energy,United States,DOM throughout the proposed panel,https://www.eversource.com/residential/about/doing-business-with-us/affiliates/list-of-affiliates,"At least 10,000 residential customers in the 2024 regional EIA/PUDL roster",https://s3.us-west-2.amazonaws.com/pudl.catalyst.coop/stable/core_eia861__yearly_sales.parquet
DOM_RI_RIE,13214,The Narragansett Electric Co,Rhode Island Energy (legal entity: Narragansett Electric),RI,DOM,Investor Owned,451381,PPL Corporation,United States,MTC through 2021 under National Grid; acquired by PPL on 2022-05-25; code DOM from 2022 under an end-of-year ownership rule,https://investors.pplweb.com/2024-04-02-PPL-Corporation-subsidiary-Rhode-Island-Energy-receives-regulatory-approval-for-planned-spending-to-strengthen-network-safety%2C-reliability-and-resilience,"At least 10,000 residential customers in the 2024 regional EIA/PUDL roster",https://s3.us-west-2.amazonaws.com/pudl.catalyst.coop/stable/core_eia861__yearly_sales.parquet
MTC_NY_RGE,16183,Rochester Gas & Electric Corp,Rochester Gas & Electric,NY,MTC,Investor Owned,351481,Avangrid / Iberdrola S.A.,Spain,MTC throughout the proposed panel,https://www.avangrid.com/aboutus/companyprofile,"At least 10,000 residential customers in the 2024 regional EIA/PUDL roster",https://s3.us-west-2.amazonaws.com/pudl.catalyst.coop/stable/core_eia861__yearly_sales.parquet
MTC_CT_UI,19497,United Illuminating Co,United Illuminating,CT,MTC,Investor Owned,312291,Avangrid / Iberdrola S.A.,Spain,DOM through 2015; acquisition closed 2015-12-16; code MTC from 2016 under an end-of-year ownership rule,https://www.avangrid.com/aboutus/companyprofile,"At least 10,000 residential customers in the 2024 regional EIA/PUDL roster",https://s3.us-west-2.amazonaws.com/pudl.catalyst.coop/stable/core_eia861__yearly_sales.parquet
MTC_NY_CENTHUD,3249,Central Hudson Gas & Elec Corp,Central Hudson,NY,MTC,Investor Owned,270859,Fortis Inc.,Canada,Fortis acquired Central Hudson in 2013; code MTC for each project year under an end-of-year ownership rule,https://www.fortisinc.com/company/our-companies/index,"At least 10,000 residential customers in the 2024 regional EIA/PUDL roster",https://s3.us-west-2.amazonaws.com/pudl.catalyst.coop/stable/core_eia861__yearly_sales.parquet
MTC_VT_GMP,7601,Green Mountain Power Corp,Green Mountain Power,VT,MTC,Investor Owned,226675,Energir L.P.,Canada,MTC throughout the proposed panel,https://energir.com/en/about/the-company/who-we-are/our-subsidiaries,"At least 10,000 residential customers in the 2024 regional EIA/PUDL roster",https://s3.us-west-2.amazonaws.com/pudl.catalyst.coop/stable/core_eia861__yearly_sales.parquet
DOM_NY_ORU,14154,Orange & Rockland Utils Inc,Orange & Rockland Utilities,NY,DOM,Investor Owned,211011,Consolidated Edison Inc.,United States,DOM throughout the proposed panel,https://www.conedison.com/en/about-us/corporate-governance/corporate-leadership/michelle-oconnoll,"At least 10,000 residential customers in the 2024 regional EIA/PUDL roster",https://s3.us-west-2.amazonaws.com/pudl.catalyst.coop/stable/core_eia861__yearly_sales.parquet
MTC_ME_VERSANT,1179,Versant Power,Versant Power,ME,MTC,Investor Owned,137906,ENMAX Corp.,Canada,Foreign-parent category is MTC throughout; the Canadian parent changed from Emera to ENMAX in 2020,https://www.versantpower.com/about/news-press-releases/blog-details/versant-power-to-welcome-new-president-in-2026,"At least 10,000 residential customers in the 2024 regional EIA/PUDL roster",https://s3.us-west-2.amazonaws.com/pudl.catalyst.coop/stable/core_eia861__yearly_sales.parquet
COOP_NH_NHEC,13441,New Hampshire Elec Coop Inc,New Hampshire Electric Cooperative,NH,COOP,Cooperative,74144,Member-owned cooperative,Local/member-owned,COOP throughout the proposed panel,https://www.nhec.com/about/,"At least 10,000 residential customers in the 2024 regional EIA/PUDL roster",https://s3.us-west-2.amazonaws.com/pudl.catalyst.coop/stable/core_eia861__yearly_sales.parquet
DOM_NH_UNITIL,24590,Unitil Energy Systems,Unitil Energy Systems,NH,DOM,Investor Owned,68602,Unitil Corporation,United States,DOM throughout the proposed panel,https://unitil.com/electric-gas-service/pricing-rates/rates/ferc-oatt-information/transmission-service-information-nh,"At least 10,000 residential customers in the 2024 regional EIA/PUDL roster",https://s3.us-west-2.amazonaws.com/pudl.catalyst.coop/stable/core_eia861__yearly_sales.parquet
MTC_NH_LIBERTY,26510,Liberty Utilities (Granite State Electri,Liberty Utilities (Granite State Electric),NH,MTC,Investor Owned,39667,Algonquin Power & Utilities Corp.,Canada,MTC throughout the proposed panel,https://libertyutilities.com/who-we-are.html,"At least 10,000 residential customers in the 2024 regional EIA/PUDL roster",https://s3.us-west-2.amazonaws.com/pudl.catalyst.coop/stable/core_eia861__yearly_sales.parquet
COOP_VT_VEC,19791,"Vermont Electric Cooperative, Inc",Vermont Electric Cooperative,VT,COOP,Cooperative,35964,Member-owned cooperative,Local/member-owned,COOP throughout the proposed panel,https://vermontelectric.coop/at-a-glance,"At least 10,000 residential customers in the 2024 regional EIA/PUDL roster",https://s3.us-west-2.amazonaws.com/pudl.catalyst.coop/stable/core_eia861__yearly_sales.parquet
COOP_MA_TAUNTON,18488,City of Taunton,Taunton Municipal Lighting Plant,MA,COOP,Municipal,35684,City of Taunton,Local municipal,COOP throughout the proposed panel,https://www.taunton-ma.gov/DocumentCenter/View/5355/Annual-Comprehensive-Financial-Report-for-Fiscal-Year-Ended-June-30-2024,"At least 10,000 residential customers in the 2024 regional EIA/PUDL roster",https://s3.us-west-2.amazonaws.com/pudl.catalyst.coop/stable/core_eia861__yearly_sales.parquet
COOP_MA_READING,15748,Town of Reading - (MA),Reading Municipal Light Department,MA,COOP,Municipal,27405,Town of Reading,Local municipal,COOP throughout the proposed panel,https://www.mass.gov/info-details/massachusetts-municipally-owned-electric-companies,"At least 10,000 residential customers in the 2024 regional EIA/PUDL roster",https://s3.us-west-2.amazonaws.com/pudl.catalyst.coop/stable/core_eia861__yearly_sales.parquet
DOM_MA_FITCHBURG,6374,Fitchburg Gas & Elec Light Co,Fitchburg Gas & Electric Light,MA,DOM,Investor Owned,26290,Unitil Corporation,United States,DOM throughout the proposed panel,https://unitil.com/electric-gas-service/pricing-rates/rates/ferc-oatt-information/transmission-service-information-ma,"At least 10,000 residential customers in the 2024 regional EIA/PUDL roster",https://s3.us-west-2.amazonaws.com/pudl.catalyst.coop/stable/core_eia861__yearly_sales.parquet
COOP_MA_CHICOPEE,3477,City of Chicopee - (MA),Chicopee Electric Light,MA,COOP,Municipal,23218,City of Chicopee,Local municipal,COOP throughout the proposed panel,https://www.celd.com/about,"At least 10,000 residential customers in the 2024 regional EIA/PUDL roster",https://s3.us-west-2.amazonaws.com/pudl.catalyst.coop/stable/core_eia861__yearly_sales.parquet
COOP_MA_PEABODY,14605,City of Peabody - (MA),Peabody Municipal Light Plant,MA,COOP,Municipal,22546,City of Peabody,Local municipal,COOP throughout the proposed panel,https://www.pmlp.com/27/About-Us,"At least 10,000 residential customers in the 2024 regional EIA/PUDL roster",https://s3.us-west-2.amazonaws.com/pudl.catalyst.coop/stable/core_eia861__yearly_sales.parquet
COOP_CT_WALLINGFORD,20038,Town of Wallingford - (CT),Wallingford Electric Division,CT,COOP,Municipal,21405,Town of Wallingford,Local municipal,COOP throughout the proposed panel,https://www.wallingfordct.gov/government/departments/public-utilities/,"At least 10,000 residential customers in the 2024 regional EIA/PUDL roster",https://s3.us-west-2.amazonaws.com/pudl.catalyst.coop/stable/core_eia861__yearly_sales.parquet
COOP_CT_NORWICH,13831,City of Norwich - (CT),Norwich Public Utilities,CT,COOP,Municipal,18870,City of Norwich,Local municipal,COOP throughout the proposed panel,https://www.norwichct.gov/272/Public-Utilities,"At least 10,000 residential customers in the 2024 regional EIA/PUDL roster",https://s3.us-west-2.amazonaws.com/pudl.catalyst.coop/stable/core_eia861__yearly_sales.parquet
COOP_VT_BURLINGTON,2548,City of Burlington Electric - (VT),Burlington Electric Department,VT,COOP,Municipal,17861,City of Burlington,Local municipal,COOP throughout the proposed panel,https://www.burlingtonelectric.com/history,"At least 10,000 residential customers in the 2024 regional EIA/PUDL roster",https://s3.us-west-2.amazonaws.com/pudl.catalyst.coop/stable/core_eia861__yearly_sales.parquet
COOP_NY_FAIRPORT,5930,Village of Fairport - (NY),Fairport Municipal Commission,NY,COOP,Municipal,16462,Village of Fairport,Local municipal,COOP throughout the proposed panel,https://dps.ny.gov/location/village-fairport-electric,"At least 10,000 residential customers in the 2024 regional EIA/PUDL roster",https://s3.us-west-2.amazonaws.com/pudl.catalyst.coop/stable/core_eia861__yearly_sales.parquet
COOP_MA_20481,20481,City of Westfield - (MA),City of Westfield - (MA),MA,COOP,Municipal,16200,Local municipal ownership,Local/non-shareholder,Classified as local non-shareholder ownership; annual EIA ownership labels are validated while building the panel,https://s3.us-west-2.amazonaws.com/pudl.catalyst.coop/stable/core_eia861__yearly_sales.parquet,"At least 10,000 residential customers in the 2024 regional EIA/PUDL roster",https://s3.us-west-2.amazonaws.com/pudl.catalyst.coop/stable/core_eia861__yearly_sales.parquet
COOP_MA_17127,17127,Town of Shrewsbury - (MA),Town of Shrewsbury - (MA),MA,COOP,Municipal,15713,Local municipal ownership,Local/non-shareholder,Classified as local non-shareholder ownership; annual EIA ownership labels are validated while building the panel,https://s3.us-west-2.amazonaws.com/pudl.catalyst.coop/stable/core_eia861__yearly_sales.parquet,"At least 10,000 residential customers in the 2024 regional EIA/PUDL roster",https://s3.us-west-2.amazonaws.com/pudl.catalyst.coop/stable/core_eia861__yearly_sales.parquet
COOP_NY_9645,9645,Jamestown Board of Public Util,Jamestown Board of Public Util,NY,COOP,Municipal,15562,Local municipal ownership,Local/non-shareholder,Classified as local non-shareholder ownership; annual EIA ownership labels are validated while building the panel,https://s3.us-west-2.amazonaws.com/pudl.catalyst.coop/stable/core_eia861__yearly_sales.parquet,"At least 10,000 residential customers in the 2024 regional EIA/PUDL roster",https://s3.us-west-2.amazonaws.com/pudl.catalyst.coop/stable/core_eia861__yearly_sales.parquet
COOP_MA_8774,8774,City of Holyoke - (MA),City of Holyoke - (MA),MA,COOP,Municipal,15040,Local municipal ownership,Local/non-shareholder,Classified as local non-shareholder ownership; annual EIA ownership labels are validated while building the panel,https://s3.us-west-2.amazonaws.com/pudl.catalyst.coop/stable/core_eia861__yearly_sales.parquet,"At least 10,000 residential customers in the 2024 regional EIA/PUDL roster",https://s3.us-west-2.amazonaws.com/pudl.catalyst.coop/stable/core_eia861__yearly_sales.parquet
COOP_MA_12473,12473,Town of Middleborough - (MA),Town of Middleborough - (MA),MA,COOP,Municipal,14884,Local municipal ownership,Local/non-shareholder,Classified as local non-shareholder ownership; annual EIA ownership labels are validated while building the panel,https://s3.us-west-2.amazonaws.com/pudl.catalyst.coop/stable/core_eia861__yearly_sales.parquet,"At least 10,000 residential customers in the 2024 regional EIA/PUDL roster",https://s3.us-west-2.amazonaws.com/pudl.catalyst.coop/stable/core_eia861__yearly_sales.parquet
COOP_MA_2144,2144,Town of Braintree - (MA),Town of Braintree - (MA),MA,COOP,Municipal,14039,Local municipal ownership,Local/non-shareholder,Classified as local non-shareholder ownership; annual EIA ownership labels are validated while building the panel,https://s3.us-west-2.amazonaws.com/pudl.catalyst.coop/stable/core_eia861__yearly_sales.parquet,"At least 10,000 residential customers in the 2024 regional EIA/PUDL roster",https://s3.us-west-2.amazonaws.com/pudl.catalyst.coop/stable/core_eia861__yearly_sales.parquet
COOP_MA_13839,13839,City of Norwood - (MA),City of Norwood - (MA),MA,COOP,Municipal,13601,Local municipal ownership,Local/non-shareholder,Classified as local non-shareholder ownership; annual EIA ownership labels are validated while building the panel,https://s3.us-west-2.amazonaws.com/pudl.catalyst.coop/stable/core_eia861__yearly_sales.parquet,"At least 10,000 residential customers in the 2024 regional EIA/PUDL roster",https://s3.us-west-2.amazonaws.com/pudl.catalyst.coop/stable/core_eia861__yearly_sales.parquet
COOP_NY_6775,6775,Village of Freeport - (NY),Village of Freeport - (NY),NY,COOP,Municipal,13353,Local municipal ownership,Local/non-shareholder,Classified as local non-shareholder ownership; annual EIA ownership labels are validated while building the panel,https://s3.us-west-2.amazonaws.com/pudl.catalyst.coop/stable/core_eia861__yearly_sales.parquet,"At least 10,000 residential customers in the 2024 regional EIA/PUDL roster",https://s3.us-west-2.amazonaws.com/pudl.catalyst.coop/stable/core_eia861__yearly_sales.parquet
MTC_MA_NANTUCKET,13206,Nantucket Electric Co,Nantucket Electric,MA,MTC,Investor Owned,12823,National Grid plc,United Kingdom,MTC throughout 2013-2024 under National Grid plc,https://www.nationalgridus.com/News/2023/11/National-Grid-Submits-Comprehensive-Performance-Investment-Plan-as-Part-of-Rate-Review-to-Build-a-Smarter%2C-Stronger%2C-Cleaner%2C-and-More-Equitable-Energy-Future/,"At least 10,000 residential customers in the 2024 regional EIA/PUDL roster",https://s3.us-west-2.amazonaws.com/pudl.catalyst.coop/stable/core_eia861__yearly_sales.parquet
COOP_MA_13679,13679,Town of North Attleborough - (MA),Town of North Attleborough - (MA),MA,COOP,Municipal,12607,Local municipal ownership,Local/non-shareholder,Classified as local non-shareholder ownership; annual EIA ownership labels are validated while building the panel,https://s3.us-west-2.amazonaws.com/pudl.catalyst.coop/stable/core_eia861__yearly_sales.parquet,"At least 10,000 residential customers in the 2024 regional EIA/PUDL roster",https://s3.us-west-2.amazonaws.com/pudl.catalyst.coop/stable/core_eia861__yearly_sales.parquet
COOP_CT_7716,7716,Groton Dept of Utilities - (CT),Groton Dept of Utilities - (CT),CT,COOP,Municipal,12284,Local municipal ownership,Local/non-shareholder,Classified as local non-shareholder ownership; annual EIA ownership labels are validated while building the panel,https://s3.us-west-2.amazonaws.com/pudl.catalyst.coop/stable/core_eia861__yearly_sales.parquet,"At least 10,000 residential customers in the 2024 regional EIA/PUDL roster",https://s3.us-west-2.amazonaws.com/pudl.catalyst.coop/stable/core_eia861__yearly_sales.parquet
COOP_MA_5480,5480,Town of Danvers,Town of Danvers,MA,COOP,Municipal,11594,Local municipal ownership,Local/non-shareholder,Classified as local non-shareholder ownership; annual EIA ownership labels are validated while building the panel,https://s3.us-west-2.amazonaws.com/pudl.catalyst.coop/stable/core_eia861__yearly_sales.parquet,"At least 10,000 residential customers in the 2024 regional EIA/PUDL roster",https://s3.us-west-2.amazonaws.com/pudl.catalyst.coop/stable/core_eia861__yearly_sales.parquet
COOP_MA_8973,8973,Town of Hudson - (MA),Town of Hudson - (MA),MA,COOP,Municipal,11448,Local municipal ownership,Local/non-shareholder,Classified as local non-shareholder ownership; annual EIA ownership labels are validated while building the panel,https://s3.us-west-2.amazonaws.com/pudl.catalyst.coop/stable/core_eia861__yearly_sales.parquet,"At least 10,000 residential customers in the 2024 regional EIA/PUDL roster",https://s3.us-west-2.amazonaws.com/pudl.catalyst.coop/stable/core_eia861__yearly_sales.parquet
COOP_ME_5609,5609,Eastern Maine Electric Coop,Eastern Maine Electric Coop,ME,COOP,Cooperative,10803,Local cooperative ownership,Local/non-shareholder,Classified as local non-shareholder ownership; annual EIA ownership labels are validated while building the panel,https://s3.us-west-2.amazonaws.com/pudl.catalyst.coop/stable/core_eia861__yearly_sales.parquet,"At least 10,000 residential customers in the 2024 regional EIA/PUDL roster",https://s3.us-west-2.amazonaws.com/pudl.catalyst.coop/stable/core_eia861__yearly_sales.parquet
