source_id,issuer,source_title,source_date_or_retrieved_date,source_url,source_location,variables_supported,quality_and_use_note
S01,Connecticut Office of the Attorney General,Post-hearing brief citing then-current authorized ROEs,2013-07-18,https://portal.ct.gov/-/media/ag/press_releases/2013/20130718agaquarionbriefpdf.pdf?hash=B1B061A8844E85A94AFD8C7ACD66E3D1&rev=1f870b7d8f724e82bc16769894cdfad1,p. 4,CL&P 9.40%; UI 8.75% before its 2013 decision,Official state filing; used only for the stated carried-in ROEs
S02,Connecticut Office of Consumer Counsel,CL&P final rate decision press release,2014-12-17,https://portal.ct.gov/occ/-/media/occ/121714pressreleaseonclpfinaldecision1pdf.pdf?hash=F7B808F81767627F1C5DF35E15F23070&rev=800013e1dc584a4896605fd6e0d51c32,pp. 1-2,CL&P 9.17% base ROE; approximately $134 million approved increase; one-year penalty described,Official state consumer advocate summary of PURA decision
S03,The Connecticut Light and Power Company / SEC,2016 Form 10-K,2017-02-28,https://www.sec.gov/Archives/edgar/data/13372/000007274117000007/a201610kdocument.htm,Distribution rate case discussion,2014 decision effective 2014-12-01; 2015 one-year ROE reduction ended for 2016,Company filing with the U.S. Securities and Exchange Commission
S04,Eversource Energy / SEC,"Quarterly report for the quarter ended March 31, 2018",2018-05-03,https://www.sec.gov/Archives/edgar/data/72741/000007274118000042/a2018q110-qxdocument.htm,Connecticut rate case discussion,Settlement approved 2018-04-18; 9.25% ROE; 53% equity; $64.3m/$31.1m/$29.2m rate steps,Company filing with the U.S. Securities and Exchange Commission
S05,Connecticut Public Utilities Regulatory Authority,Current electric rate-case information,2026-08-09,https://portal.ct.gov/pura/industries/rates,Electric distribution company table,Most recent completed cases listed as CL&P 17-10-46 and UI 22-08-08,Official regulator webpage; used to check for a later completed case
S06,Connecticut Public Utilities Regulatory Authority,Final decision in Docket 20-08-03 (Tropical Storm Isaias),2021-04-27,https://portal.ct.gov/pura/press-releases/2021/pura-issues-final-decision-in-docket-number-20-08-03,Press release summary,Future-proceeding ROE adjustments of 90 bp for Eversource and 15 bp for UI,Official regulator source; order did not itself replace the in-force annual ROE
S07,UIL Holdings / SEC,2014 Form 10-K,2015-02-27,https://www.sec.gov/Archives/edgar/data/1082510/000114036115009017/form10k.htm,UI distribution rate case discussion,August 2013 UI decision; ROE increased from 8.75% to 9.15%,Company filing with the U.S. Securities and Exchange Commission
S08,Connecticut Public Utilities Regulatory Authority,Final Decision database entry for Docket 16-06-04,2016-12-14,https://portal.ct.gov/pura/docket/final-decision-database,Search Docket 16-06-04; decision tables and conclusion,"UI 2017-2019 rate base, revenue requirements, and rate changes",Official PURA database; the former company-hosted direct PDF returned 404 on 2026-08-10
S09,Connecticut Office of Consumer Counsel,Brief in Docket 22-08-08,2023-04-27,https://portal.ct.gov/-/media/occ/4272023-occ-brief.pdf,pp. 7-8,"UI actual earned ROE, 2017-2021",Official state consumer advocate filing
S10,Connecticut Public Utilities Regulatory Authority,"Final Decision, Docket 22-08-08",2023-08-25,https://d2f1dfnoetc03v.cloudfront.net/Files/Misplaced-Files-Cleanup/220808-082523.pdf,Tables 1 and 80; ROE discussion,"UI 9.10% base ROE, 47 bp total adjustment, 8.63% effective ROE, 50% equity, $1,105.196m rate base, $384.865m revenue requirement",Controlling final decision used where proposed-final materials differed
S11,Connecticut Public Utilities Regulatory Authority,PURA ruling sets distribution rates for UI customers,2023-08-25,https://portal.ct.gov/pura/press-releases/2023/pura-ruling-sets-distribution-rates-for-united-illuminating-customers?archived=true,Press release summary,About 6.6% base-distribution increase and about 2% overall-bill increase,Official regulator summary; used as a plain-language cross-check
S12,Avangrid / SEC,Form 8-K reporting completion of Iberdrola-USA / UIL combination,2015-12-17,https://www.sec.gov/Archives/edgar/data/1634997/000119312515407879/d105528d8k.htm,Item 2.01,Ownership change underlying UI's MTC coding from 2016,Company filing with the U.S. Securities and Exchange Commission
S13,Avangrid,Company profile,2026-08-09,https://www.avangrid.com/aboutus/companyprofile,Company overview,Avangrid relationship to the Iberdrola group,Official company source used with the SEC merger filing
S14,Eversource Energy,Eversource ownership source used in project crosswalk,2026-08-09,https://investors.eversource.com/static-files/1526fda9-4ffa-4cfd-bbd7-c9c18f56d3fe,Corporate document,Domestic parent evidence for CL&P / Eversource Connecticut,Official company source
S15,Connecticut Office of the Attorney General,Final brief in Docket 22-08-08,2023-04-27,https://portal.ct.gov/-/media/AG/Press_Releases/2023/22-08-08_AG-Brief_Final-42723.pdf,Capital structure and comparison discussion,UI's 2013-approved 50% equity ratio; CL&P 9.25% current authorized ROE at filing,Official state filing; not used for the final 2023 UI penalty because the later final decision controls
S16,Connecticut Office of the Attorney General,Brief in Docket 20-08-03 discussing prior performance penalties,2021-02-05,https://portal.ct.gov/-/media/AG/Press_Releases/2019/AG-Brief_Docket-No-20-08-03_020521.pdf,Discussion of the 2014 CL&P rate decision,Exact 15 bp one-year CL&P storm-response adjustment,Official state filing used to verify the exact basis-point adjustment
S17,Avangrid / SEC,"Quarterly report for the quarter ended September 30, 2018",2018-09-30,https://www.sec.gov/Archives/edgar/data/1634997/000163499718000029/avangrid2018q310-q.htm,UI rate-plan discussion,2016 PURA decision effective 2017; 9.10% ROE and 50% equity ratio,Stable SEC-filed corroboration used as the primary website link for the 2017-2022 ROE
S18,Massachusetts Department of Public Utilities,"Final Order, D.P.U. 17-05",2017-11-30,https://www.mass.gov/doc/dpu-17-05/download,pp. 713-714 and schedules 1 and 3,"NSTAR carried-in 10.50% ROE; approved 10.00% ROE, 53.34% equity ratio, and $2,732.852m rate base",Official regulator final order; SEC filing S27 supplies the compliance-rate effective date
S19,Eversource Energy / SEC,2022 Annual Report,2023-03-24,https://www.sec.gov/Archives/edgar/data/13372/000110465923036619/tm231858d6_ars.pdf,Massachusetts distribution rate-case discussion,"D.P.U. 22-22 approved 9.80% ROE, 53.2% equity ratio, and a $64m base-distribution increase",Company annual report filed with the U.S. Securities and Exchange Commission
S20,Massachusetts Department of Public Utilities,2022 Annual Report,2023,https://www.mass.gov/doc/dpu-annual-report-2022/download,Electric distribution rate-case summary,D.P.U. 22-22 decision date and 2023-01-01 effective date,Official regulator cross-check for timing of the NSTAR decision
S21,National Grid,Annual Report and Accounts 2015/16,2016,https://www.nationalgrid.com/document/138981/download,US regulated returns table,Massachusetts Electric 10.35% allowed ROE and 50:50 equity-to-debt ratio before D.P.U. 15-155,Official company annual report; used for the carried-in 2013-2015 rate
S22,Massachusetts Department of Public Utilities,"Final Order, D.P.U. 15-155",2016-09-30,https://www.mass.gov/doc/grid-elec-rate-case-dpu-15-155/download,Introduction and company description,"Prior D.P.U. 09-39 rate plan, 2016 effective timing, and National Grid plc parent incorporated in England and Wales",Official regulator final order; also supports MTC ownership coding
S23,National Grid / SEC,"Half-year results, 2016/17",2016-11-10,https://www.sec.gov/Archives/edgar/data/1004315/000119312516765037/d291640dex991.htm,Massachusetts rate-case summary,"D.P.U. 15-155 approved 9.90% ROE, 51% equity ratio, and $101m annual revenue increase",Company results filed with the U.S. Securities and Exchange Commission
S24,National Grid / SEC,"Half-year results, 2019/20",2019-11-14,https://www.sec.gov/Archives/edgar/data/1004315/000100431519000140/resultsstatementhy201920.htm,Massachusetts Electric rate-case summary,"D.P.U. 18-150 approved 9.60% ROE, 53.5% equity ratio, and $42m initial annual revenue increase",Company results filed with the U.S. Securities and Exchange Commission
S25,Massachusetts Department of Public Utilities,Financing the Transition work-group final recommendations,2025-06-30,https://www.mass.gov/doc/final-recommendations-from-the-financing-the-transition-focus-area-work-group/download,"p. 6, table of recently authorized ROEs",D.P.U. 23-150 approved 9.35% ROE and 52.83% equity ratio for Massachusetts Electric,Official regulator document summarizing the final order's capital parameters
S26,Massachusetts Department of Public Utilities,D.P.U. 23-150 National Grid electric base distribution rate case,2026-08-09,https://www.mass.gov/info-details/dpu-23-150-national-grid-electric-base-distribution-rate-case,Case overview and key dates,Final-order date and November 2024 customer-bill timing,Official regulator case page used to cross-check the 2024 timing
S27,Eversource Energy / SEC,2017 Form 10-K,2018-02-22,https://www.sec.gov/Archives/edgar/data/72741/000007274118000028/a201710kdocument.htm,NSTAR Electric distribution rate-case discussion,D.P.U. 17-05 decision issued 2017-11-30; new rates took effect 2018-02-01 after the compliance filing; 10.00% ROE,Company filing with the U.S. Securities and Exchange Commission used to verify effective timing
